cast_id,id,cast_gender,id_actors,cast_name
14.0,862,2.0,31.0,Tom Hanks
15.0,862,2.0,12898.0,Tim Allen
16.0,862,2.0,7167.0,Don Rickles
17.0,862,2.0,12899.0,Jim Varney
18.0,862,2.0,12900.0,Wallace Shawn
19.0,862,2.0,7907.0,John Ratzenberger
20.0,862,1.0,8873.0,Annie Potts
26.0,862,0.0,1116442.0,John Morris
22.0,862,2.0,12901.0,Erik von Detten
23.0,862,1.0,12133.0,Laurie Metcalf
24.0,862,2.0,8655.0,R. Lee Ermey
25.0,862,1.0,12903.0,Sarah Freeman
27.0,862,2.0,37221.0,Penn Jillette
1.0,8844,2.0,2157.0,Robin Williams
8.0,8844,2.0,8537.0,Jonathan Hyde
2.0,8844,1.0,205.0,Kirsten Dunst
24.0,8844,0.0,145151.0,Bradley Pierce
10.0,8844,1.0,5149.0,Bonnie Hunt
25.0,8844,1.0,10739.0,Bebe Neuwirth
26.0,8844,2.0,58563.0,David Alan Grier
11.0,8844,1.0,1276.0,Patricia Clarkson
14.0,8844,0.0,46530.0,Adam Hann-Byrd
13.0,8844,1.0,56523.0,Laura Bell Bundy
31.0,8844,2.0,51551.0,James Handy
12.0,8844,1.0,56522.0,Gillian Barber
28.0,8844,2.0,1000304.0,Brandon Obray
29.0,8844,0.0,188949.0,Cyrus Thiedeke
30.0,8844,0.0,1076551.0,Gary Joseph Thorup
32.0,8844,0.0,1480246.0,Leonard Zola
33.0,8844,2.0,25024.0,Lloyd Berry
34.0,8844,2.0,27110.0,Malcolm Stewart
35.0,8844,0.0,53715.0,Annabel Kershaw
36.0,8844,2.0,1379424.0,Darryl Henriques
37.0,8844,0.0,1235504.0,Robyn Driscoll
50.0,8844,2.0,25389.0,Peter Bryant
39.0,8844,0.0,1483449.0,Sarah Gilson
40.0,8844,0.0,1483450.0,Florica Vlad
41.0,8844,0.0,1483451.0,June Lion
42.0,8844,0.0,1483452.0,Brenda Lockmuller
2.0,15602,2.0,6837.0,Walter Matthau
3.0,15602,2.0,3151.0,Jack Lemmon
4.0,15602,1.0,13567.0,Ann-Margret
5.0,15602,1.0,16757.0,Sophia Loren
6.0,15602,1.0,589.0,Daryl Hannah
9.0,15602,2.0,16523.0,Burgess Meredith
10.0,15602,2.0,7166.0,Kevin Pollak
1.0,31357,1.0,8851.0,Whitney Houston
2.0,31357,1.0,9780.0,Angela Bassett
3.0,31357,1.0,18284.0,Loretta Devine
4.0,31357,1.0,51359.0,Lela Rochon
5.0,31357,2.0,66804.0,Gregory Hines
6.0,31357,2.0,352.0,Dennis Haysbert
8.0,31357,2.0,87118.0,Michael Beach
10.0,31357,2.0,34.0,Mykelti Williamson
20.0,31357,2.0,1276777.0,Lamont Johnson
21.0,31357,2.0,10814.0,Wesley Snipes
1.0,11862,2.0,67773.0,Steve Martin
2.0,11862,1.0,3092.0,Diane Keaton
3.0,11862,2.0,519.0,Martin Short
4.0,11862,1.0,70696.0,Kimberly Williams-Paisley
13.0,11862,2.0,59222.0,George Newbern
14.0,11862,0.0,18793.0,Kieran Culkin
15.0,11862,2.0,14592.0,BD Wong
16.0,11862,2.0,20906.0,Peter Michael Goetz
17.0,11862,1.0,54348.0,Kate McGregor-Stewart
18.0,11862,1.0,209.0,Jane Adams
19.0,11862,2.0,26510.0,Eugene Levy
20.0,11862,1.0,24358.0,Lori Alan
25.0,949,2.0,1158.0,Al Pacino
26.0,949,2.0,380.0,Robert De Niro
27.0,949,2.0,5576.0,Val Kilmer
28.0,949,2.0,10127.0,Jon Voight
29.0,949,2.0,3197.0,Tom Sizemore
30.0,949,1.0,6200.0,Diane Venora
31.0,949,1.0,15851.0,Amy Brenneman
32.0,949,1.0,15852.0,Ashley Judd
33.0,949,2.0,34.0,Mykelti Williamson
38.0,949,1.0,524.0,Natalie Portman
35.0,949,2.0,15854.0,Ted Levine
39.0,949,2.0,119232.0,Tom Noonan
41.0,949,2.0,31004.0,Tone Loc
42.0,949,2.0,5587.0,Hank Azaria
34.0,949,2.0,15853.0,Wes Studi
36.0,949,2.0,352.0,Dennis Haysbert
46.0,949,2.0,11160.0,Danny Trejo
47.0,949,2.0,9290.0,Henry Rollins
37.0,949,2.0,886.0,William Fichtner
43.0,949,2.0,34839.0,Kevin Gage
44.0,949,1.0,4158.0,Susan Traylor
48.0,949,2.0,86602.0,Jerry Trimble
50.0,949,2.0,158452.0,Ricky Harris
54.0,949,2.0,12799.0,Jeremy Piven
55.0,949,2.0,3982.0,Xander Berkeley
51.0,949,1.0,181343.0,Begonya Plaza
56.0,949,2.0,81687.0,Rick Avery
52.0,949,0.0,91756.0,Hazelle Goodman
53.0,949,2.0,160970.0,Ray Buktenica
59.0,949,0.0,175600.0,Max Daniels
60.0,949,0.0,12879.0,Vince Deadrick Jr.
96.0,949,2.0,9258.0,Steven Ford
97.0,949,1.0,167501.0,Farrah Forke
99.0,949,1.0,95145.0,Patricia Healy
100.0,949,2.0,58535.0,Paul Herman
101.0,949,1.0,161939.0,Cindy Katz
102.0,949,0.0,6580.0,Brian Libby
104.0,949,2.0,95796.0,Dan Martin
109.0,949,0.0,166543.0,Mario Roberts
110.0,949,0.0,43010.0,"Thomas Rosales, Jr."
112.0,949,1.0,37252.0,Yvonne Zima
116.0,949,0.0,1457709.0,Mick Gould
115.0,949,2.0,4971.0,Bud Cort
123.0,949,0.0,941147.0,Viviane Vives
45.0,949,1.0,17358.0,Kim Staunton
49.0,949,2.0,4790.0,Martin Ferrero
57.0,949,0.0,1090464.0,Brad Baldridge
58.0,949,0.0,1090465.0,Andrew Camuccio
94.0,949,0.0,1576419.0,Kenny Endoso
95.0,949,1.0,106714.0,Kimberly Flynn
98.0,949,0.0,116153.0,Niki Harris
103.0,949,0.0,237923.0,Bill McIntosh
105.0,949,0.0,4047.0,Rick Marzan
106.0,949,0.0,57347.0,Terry Miller
107.0,949,0.0,1576553.0,Daniel O'Haco
111.0,949,1.0,218094.0,Kai Soremekun
113.0,949,0.0,1491009.0,Peter Blackwell
114.0,949,0.0,1137847.0,Trevor Coppola
118.0,949,1.0,1504112.0,Mary Kircher
119.0,949,0.0,1504568.0,Darin Mangan
120.0,949,2.0,20625.0,Robert Miranda
121.0,949,2.0,1502517.0,Manny Perry
122.0,949,1.0,114625.0,Iva Franks Singer
124.0,949,0.0,1576562.0,Tim Werner
133.0,949,2.0,1584544.0,Philip Ettington
1.0,11860,2.0,3.0,Harrison Ford
2.0,11860,1.0,15887.0,Julia Ormond
3.0,11860,2.0,17141.0,Greg Kinnear
4.0,11860,1.0,4301.0,Angie Dickinson
11.0,11860,1.0,12957.0,Nancy Marchand
12.0,11860,2.0,8937.0,John Wood
13.0,11860,2.0,16554.0,Richard Crenna
14.0,11860,1.0,34485.0,Lauren Holly
15.0,11860,1.0,13314.0,Dana Ivey
16.0,11860,1.0,20234.0,Fanny Ardant
17.0,11860,0.0,73827.0,Patrick Bruel
56.0,11860,2.0,13242.0,Paul Giamatti
57.0,11860,1.0,1163.0,Miriam Colón
58.0,11860,1.0,138242.0,Elizabeth Franz
59.0,11860,1.0,62531.0,Valérie Lemercier
60.0,11860,1.0,59206.0,Becky Ann Baker
61.0,11860,2.0,163775.0,John C. Vennema
62.0,11860,1.0,452.0,Margo Martindale
63.0,11860,1.0,52475.0,J. Smith-Cameron
64.0,11860,1.0,1853632.0,Christine Luneau-Lipton
65.0,11860,2.0,1853633.0,Michael Dees
66.0,11860,0.0,153226.0,Denis Holmes
67.0,11860,1.0,1853634.0,Jo-Jo Lowe
68.0,11860,0.0,28029.0,Ira Wheeler
69.0,11860,1.0,1853638.0,Philippa Cooper
70.0,11860,1.0,97364.0,Ayako Kawahara
71.0,11860,0.0,1317065.0,François Genty
72.0,11860,2.0,6554.0,Guillaume Gallienne
73.0,11860,1.0,37918.0,Inés Sastre
74.0,11860,0.0,1217813.0,Phina Oruche
75.0,11860,1.0,1853644.0,Andrea Behalikova
76.0,11860,1.0,1115935.0,Jennifer Herrera
77.0,11860,1.0,1853645.0,Kristina Kumlin
78.0,11860,1.0,1853646.0,Eva Linderholm
79.0,11860,1.0,76093.0,Carmen Chaplin
80.0,11860,1.0,1853647.0,Micheline Van de Velde
81.0,11860,1.0,1853651.0,Joanna Rhodes
82.0,11860,2.0,1853653.0,Alan Boone
83.0,11860,0.0,1460738.0,Patrick Forster-Delmas
84.0,11860,2.0,1853654.0,Kentaro Matsuo
85.0,11860,0.0,1632066.0,Peter McKernan
86.0,11860,2.0,1853655.0,Ed Connelly
87.0,11860,2.0,4184.0,Ronald L. Schwary
88.0,11860,2.0,1853657.0,Alvin Lum
89.0,11860,1.0,1853658.0,Siching Song
90.0,11860,0.0,1357100.0,Phil Nee
91.0,11860,2.0,157428.0,Randy Becker
92.0,11860,1.0,1211979.0,Susan Browning
93.0,11860,2.0,1853660.0,Anthony Mondal
94.0,11860,2.0,1853661.0,Peter Parks
95.0,11860,0.0,1548251.0,Woodrow Asai
96.0,11860,0.0,1221663.0,Eric Bruno Borgman
97.0,11860,0.0,1811338.0,Michael Cline
98.0,11860,2.0,1853663.0,Christopher Del Gaudio
99.0,11860,2.0,1099770.0,Philippe Hartmann
100.0,11860,2.0,1853664.0,Jerry Quinn
101.0,11860,1.0,1853665.0,Dori Rosenthal
2.0,45325,2.0,53283.0,Jonathan Taylor Thomas
3.0,45325,2.0,51214.0,Brad Renfro
4.0,45325,1.0,38581.0,Rachael Leigh Cook
5.0,45325,2.0,8316.0,Michael McShane
6.0,45325,1.0,87007.0,Amy Wright
7.0,45325,2.0,57448.0,Eric Schweig
11.0,45325,1.0,102313.0,Tamara Mello
1.0,9091,2.0,15111.0,Jean-Claude Van Damme
2.0,9091,2.0,6280.0,Powers Boothe
4.0,9091,2.0,8656.0,Dorian Harewood
15.0,9091,2.0,10361.0,Raymond J. Barry
16.0,9091,2.0,12928.0,Ross Malinger
17.0,9091,1.0,79088.0,Whittni Wright
1.0,710,2.0,517.0,Pierce Brosnan
2.0,710,2.0,48.0,Sean Bean
3.0,710,1.0,10695.0,Izabella Scorupco
4.0,710,1.0,10696.0,Famke Janssen
5.0,710,2.0,10671.0,Joe Don Baker
6.0,710,1.0,5309.0,Judi Dench
7.0,710,2.0,3757.0,Gottfried John
8.0,710,2.0,1923.0,Robbie Coltrane
9.0,710,2.0,10697.0,Alan Cumming
10.0,710,2.0,10698.0,Tchéky Karyo
11.0,710,2.0,9906.0,Desmond Llewelyn
12.0,710,1.0,10699.0,Samantha Bond
13.0,710,2.0,10648.0,Michael Kitchen
14.0,710,1.0,10700.0,Serena Gordon
15.0,710,2.0,10701.0,Simon Kunz
37.0,710,0.0,55911.0,Billy J. Mitchell
38.0,710,2.0,27425.0,Constantine Gregory
39.0,710,1.0,6613.0,Minnie Driver
40.0,710,1.0,29054.0,Michelle Arthur
41.0,710,2.0,41742.0,Ravil Isyanov
1.0,9087,2.0,3392.0,Michael Douglas
2.0,9087,1.0,516.0,Annette Bening
3.0,9087,2.0,521.0,Michael J. Fox
4.0,9087,2.0,8349.0,Martin Sheen
11.0,9087,1.0,63279.0,Anna Deavere Smith
12.0,9087,1.0,112080.0,Shawna Waldron
13.0,9087,1.0,20767.0,Samantha Mathis
14.0,9087,2.0,19839.0,David Paymer
15.0,9087,2.0,3037.0,Richard Dreyfuss
16.0,9087,1.0,42133.0,Nina Siemaszko
17.0,9087,1.0,61980.0,Wendie Malick
18.0,9087,2.0,78494.0,Beau Billingslea
19.0,9087,1.0,42003.0,Gail Strickland
20.0,9087,2.0,131642.0,Joshua Malina
21.0,9087,2.0,43115.0,Clement von Franckenstein
22.0,9087,2.0,4251.0,John Mahoney
23.0,9087,2.0,43978.0,John Mahon
24.0,9087,0.0,92808.0,Gabriel Jarret
9.0,12110,2.0,7633.0,Leslie Nielsen
10.0,12110,2.0,14639.0,Mel Brooks
11.0,12110,1.0,1219.0,Amy Yasbeck
12.0,12110,2.0,12688.0,Peter MacNicol
13.0,12110,1.0,12812.0,Lysette Anthony
14.0,12110,2.0,13640.0,Harvey Korman
15.0,12110,2.0,6106.0,Steven Weber
17.0,12110,2.0,29709.0,Mark Blankfield
18.0,12110,1.0,53570.0,Megan Cavanagh
19.0,12110,2.0,170185.0,Gregg Binkley
20.0,12110,1.0,10774.0,Anne Bancroft
1.0,21032,2.0,4724.0,Kevin Bacon
2.0,21032,2.0,382.0,Bob Hoskins
8.0,21032,1.0,2233.0,Bridget Fonda
9.0,21032,2.0,12077.0,Jim Cummings
10.0,21032,2.0,110001.0,Phil Collins
19.0,21032,0.0,67386.0,Juliette Brewer
20.0,21032,2.0,19545.0,Jack Angel
21.0,21032,2.0,52699.0,Danny Mann
22.0,21032,2.0,77157.0,Robbie Rist
23.0,21032,1.0,176254.0,Sandra Dickinson
24.0,21032,2.0,15831.0,Frank Welker
11.0,21032,1.0,6199.0,Miriam Margolyes
25.0,21032,0.0,1592266.0,Lola Bates-Campbell
1.0,10858,2.0,4173.0,Anthony Hopkins
2.0,10858,1.0,11148.0,Joan Allen
16.0,10858,2.0,6280.0,Powers Boothe
13.0,10858,2.0,228.0,Ed Harris
14.0,10858,2.0,382.0,Bob Hoskins
15.0,10858,2.0,5249.0,E.G. Marshall
17.0,10858,2.0,19839.0,David Paymer
18.0,10858,2.0,11076.0,David Hyde Pierce
4.0,10858,2.0,7004.0,Paul Sorvino
20.0,10858,1.0,2453.0,Mary Steenburgen
3.0,10858,2.0,22131.0,J.T. Walsh
21.0,10858,2.0,4512.0,James Woods
22.0,10858,2.0,70843.0,Brian Bedford
23.0,10858,0.0,14721.0,Kevin Dunn
24.0,10858,2.0,56687.0,Fyvush Finkel
25.0,10858,1.0,49425.0,Annabeth Gish
26.0,10858,2.0,6840.0,Larry Hagman
27.0,10858,1.0,29803.0,Madeline Kahn
28.0,10858,2.0,6486.0,Dan Hedaya
29.0,10858,0.0,20751.0,Bridgette Wilson
30.0,10858,2.0,19453.0,Tom Bower
31.0,10858,2.0,3417.0,Tony Goldwyn
32.0,10858,2.0,52995.0,Edward Herrmann
33.0,10858,2.0,15183.0,Tony Lo Bianco
34.0,10858,2.0,3712.0,Saul Rubinek
35.0,10858,2.0,50880.0,Robert Beltran
36.0,10858,2.0,167561.0,John Cunningham
37.0,10858,2.0,4942.0,John Diehl
38.0,10858,2.0,11885.0,John C. McGinley
39.0,10858,2.0,19654.0,Michael Chiklis
40.0,10858,2.0,11397.0,Ric Young
41.0,10858,0.0,230280.0,Boris Sichkin
42.0,10858,2.0,8975.0,Sam Waterston
43.0,10858,1.0,6407.0,Marley Shelton
1.0,1408,1.0,16935.0,Geena Davis
2.0,1408,2.0,8654.0,Matthew Modine
3.0,1408,2.0,8924.0,Frank Langella
4.0,1408,2.0,7868.0,Maury Chaykin
5.0,1408,2.0,8979.0,Patrick Malahide
6.0,1408,2.0,16936.0,Stan Shaw
7.0,1408,2.0,16937.0,Rex Linn
8.0,1408,2.0,13925.0,Paul Dillon
26.0,1408,2.0,35769.0,Christopher Masterson
27.0,1408,0.0,133771.0,Jimmie F. Skaggs
28.0,1408,2.0,1166.0,Harris Yulin
29.0,1408,2.0,127166.0,Carl Chase
30.0,1408,0.0,1220350.0,Peter Geeves
31.0,1408,0.0,1252814.0,Angus Wright
32.0,1408,2.0,91662.0,Ken Bones
33.0,1408,1.0,31294.0,Mary Peach
34.0,1408,2.0,17202.0,Thomas Lockyer
35.0,1408,0.0,1649736.0,Roger Booth
36.0,1408,2.0,90625.0,George Murcell
37.0,1408,0.0,1117347.0,Simon Atherton
38.0,1408,2.0,1495190.0,Dickey Beer
39.0,1408,0.0,1466675.0,Christopher Halliday
40.0,1408,0.0,1420324.0,Chris Johnston
41.0,1408,2.0,16792.0,Richard Leaf
42.0,1408,0.0,2480.0,Tam White
43.0,1408,2.0,2479.0,Rupert Vansittart
44.0,1408,2.0,19704.0,Nick Bartlett
45.0,1408,2.0,1715.0,David Bailie
46.0,1408,0.0,1221761.0,Kwame Kwei-Armah
47.0,1408,2.0,178622.0,Ramon Tikaram
48.0,1408,2.0,64102.0,Christopher Adamson
4.0,524,2.0,380.0,Robert De Niro
5.0,524,1.0,4430.0,Sharon Stone
6.0,524,2.0,4517.0,Joe Pesci
7.0,524,2.0,4512.0,James Woods
11.0,524,2.0,7167.0,Don Rickles
13.0,524,2.0,7169.0,Alan King
10.0,524,2.0,7166.0,Kevin Pollak
9.0,524,0.0,7165.0,Pasquale Cajano
27.0,524,2.0,8262.0,L.Q. Jones
28.0,524,2.0,166789.0,Dick Smothers
8.0,524,2.0,7164.0,Frank Vincent
20.0,524,2.0,7424.0,Oscar Goodman
29.0,524,2.0,18262.0,Richard Riehle
31.0,524,1.0,11483.0,Catherine Scorsese
12.0,524,2.0,7168.0,Vinny Vella
21.0,524,0.0,7425.0,Nobu Matsuhisa
19.0,524,1.0,7423.0,Erika von Tagen
22.0,524,0.0,7444.0,Nick Mazzola
32.0,524,0.0,107020.0,David Rose
33.0,524,2.0,99906.0,John Bloom
34.0,524,2.0,13605.0,Joseph Rigano
35.0,524,2.0,14332.0,Philip Suriano
36.0,524,0.0,105623.0,Melissa Prophet
37.0,524,0.0,1574239.0,Bill Allison
38.0,524,0.0,96901.0,Joe La Due
39.0,524,2.0,7531.0,Joseph P. Reidy
40.0,524,0.0,1738942.0,Craig Vincent
41.0,524,2.0,42824.0,Carl Ciarfalio
42.0,524,2.0,39599.0,Gene Ruffini
43.0,524,0.0,1204013.0,Dominick Grieco
44.0,524,0.0,17921.0,Clem Caserta
45.0,524,2.0,120303.0,Daniel P. Conte
46.0,524,0.0,583419.0,Joey DePinto
47.0,524,2.0,122124.0,Jack Orend
48.0,524,2.0,58535.0,Paul Herman
49.0,524,0.0,1219275.0,Jed Mills
50.0,524,0.0,553774.0,Claudia Haro
51.0,524,0.0,1892328.0,Ffolliott Le Coque
52.0,524,0.0,1888770.0,John Manca
53.0,524,2.0,233121.0,Ronald Maccone
54.0,524,0.0,1888773.0,Joseph Bono
55.0,524,2.0,4692.0,Frank Adonis
56.0,524,2.0,58474.0,Anthony Russell
57.0,524,2.0,1183497.0,Stuart Nisbet
58.0,524,2.0,1644894.0,Alfred Nittoli
6.0,4584,1.0,204.0,Kate Winslet
7.0,4584,1.0,7056.0,Emma Thompson
8.0,4584,2.0,3291.0,Hugh Grant
9.0,4584,2.0,207.0,Tom Wilkinson
10.0,4584,2.0,4566.0,Alan Rickman
11.0,4584,1.0,20769.0,Imogen Stubbs
12.0,4584,2.0,16700.0,Greg Wise
13.0,4584,2.0,41419.0,Hugh Laurie
14.0,4584,1.0,11356.0,Imelda Staunton
15.0,4584,2.0,23076.0,Robert Hardy
16.0,4584,2.0,31923.0,Oliver Ford Davies
17.0,4584,2.0,10726.0,James Fleet
18.0,4584,1.0,17477.0,Harriet Walter
19.0,4584,1.0,9138.0,Gemma Jones
20.0,4584,0.0,937907.0,Emilie François
21.0,4584,1.0,1220119.0,Elizabeth Spriggs
22.0,4584,2.0,141551.0,Richard Lumsden
42.0,5,2.0,3129.0,Tim Roth
31.0,5,2.0,3131.0,Antonio Banderas
29.0,5,1.0,3130.0,Jennifer Beals
25.0,5,1.0,3125.0,Madonna
41.0,5,1.0,3141.0,Marisa Tomei
43.0,5,2.0,62.0,Bruce Willis
38.0,5,2.0,138.0,Quentin Tarantino
22.0,5,1.0,3122.0,Sammi Davis
23.0,5,1.0,3123.0,Amanda de Cadenet
24.0,5,1.0,3124.0,Valeria Golino
27.0,5,1.0,3127.0,Lili Taylor
39.0,5,2.0,2545.0,Lawrence Bender
26.0,5,1.0,3126.0,Ione Skye
28.0,5,1.0,3128.0,Alicia Witt
30.0,5,2.0,2555.0,David Proval
32.0,5,1.0,3132.0,Lana McKissack
34.0,5,1.0,3134.0,Tamlyn Tomita
40.0,5,1.0,3138.0,Kathy Griffin
37.0,5,2.0,3137.0,Paul Calderon
36.0,5,1.0,3136.0,Salma Hayek
33.0,5,1.0,3133.0,Patricia Vonne
35.0,5,0.0,3135.0,Danny Verduzco
44.0,5,0.0,37336.0,Kimberly Blair
45.0,5,2.0,3140.0,Marc Lawrence
1.0,9273,2.0,206.0,Jim Carrey
2.0,9273,2.0,3547.0,Ian McNeice
3.0,9273,2.0,4001.0,Simon Callow
4.0,9273,2.0,57096.0,Maynard Eziashi
15.0,9273,2.0,4029.0,Bob Gunton
16.0,9273,1.0,2598.0,Sophie Okonedo
17.0,9273,2.0,88059.0,Tommy Davidson
18.0,9273,2.0,31164.0,Adewale Akinnuoye-Agbaje
19.0,9273,0.0,1080060.0,Danny D. Daniels
20.0,9273,0.0,1080061.0,Sam Motoana Phillips
21.0,9273,2.0,172354.0,Damon Standifer
22.0,9273,2.0,158324.0,Andrew Steel
23.0,9273,2.0,27752.0,Bruce Spence
24.0,9273,0.0,171303.0,Tom Grunke
25.0,9273,0.0,1080062.0,Arsenio 'Sonny' Trinidad
1.0,11517,2.0,10814.0,Wesley Snipes
3.0,11517,2.0,57755.0,Woody Harrelson
4.0,11517,1.0,16866.0,Jennifer Lopez
5.0,11517,2.0,9287.0,Robert Blake
17.0,11517,2.0,2955.0,Chris Cooper
18.0,11517,2.0,4887.0,Joe Grifasi
19.0,11517,2.0,32287.0,Scott Sowers
20.0,11517,2.0,33658.0,Skipp Sudduth
21.0,11517,0.0,106791.0,Aida Turturro
22.0,11517,2.0,47774.0,Vincent Pastore
23.0,11517,2.0,15029.0,Enrico Colantoni
24.0,11517,2.0,5502.0,Bill Nunn
59.0,11517,1.0,203801.0,Katie Gill
60.0,11517,2.0,15372.0,Jeremy Roberts
61.0,11517,2.0,1811956.0,Joe Bacino
1.0,8012,2.0,8891.0,John Travolta
2.0,8012,2.0,193.0,Gene Hackman
3.0,8012,1.0,14343.0,Rene Russo
4.0,8012,2.0,518.0,Danny DeVito
5.0,8012,2.0,1117.0,Dennis Farina
6.0,8012,2.0,18792.0,Delroy Lindo
7.0,8012,2.0,4691.0,James Gandolfini
8.0,8012,2.0,9629.0,Jon Gries
9.0,8012,0.0,53600.0,Renee Props
10.0,8012,2.0,19839.0,David Paymer
11.0,8012,2.0,4790.0,Martin Ferrero
12.0,8012,2.0,30488.0,Miguel Sandoval
13.0,8012,2.0,16429.0,Jacob Vargas
14.0,8012,2.0,53601.0,Bobby Slayton
15.0,8012,1.0,53602.0,Linda Hart
25.0,8012,0.0,141582.0,Jeffrey J. Stephen
8.0,1710,1.0,10205.0,Sigourney Weaver
9.0,1710,1.0,18686.0,Holly Hunter
10.0,1710,2.0,883.0,Will Patton
11.0,1710,2.0,18687.0,William McNamara
12.0,1710,2.0,18688.0,Harry Connick Jr.
13.0,1710,2.0,5169.0,J.E. Freeman
20.0,1710,2.0,20212.0,Dermot Mulroney
32.0,1710,2.0,60205.0,John Rothman
25.0,1710,1.0,154691.0,Shannon O'Hurley
26.0,1710,2.0,95838.0,Bob Greene
27.0,1710,0.0,215904.0,Tony Haney
28.0,1710,0.0,1074167.0,Danny Kovacs
29.0,1710,0.0,167781.0,Tahmus Rounds
30.0,1710,0.0,1074168.0,Scott Devenney
31.0,1710,0.0,1074169.0,David Michael Silverman
1.0,9691,2.0,16483.0,Sylvester Stallone
2.0,9691,2.0,3131.0,Antonio Banderas
3.0,9691,1.0,1231.0,Julianne Moore
4.0,9691,0.0,58556.0,Anatoli Davydov
5.0,9691,2.0,17348.0,Muse Watson
6.0,9691,2.0,14328.0,Steve Kahan
7.0,9691,1.0,47757.0,Kelly Rowan
8.0,9691,2.0,31508.0,Reed Diamond
9.0,9691,2.0,42146.0,Kai Wulff
10.0,9691,0.0,58557.0,Kerry Skalsky
11.0,9691,0.0,58558.0,James Douglas Haskins
12.0,9691,2.0,58559.0,Stephen Liska
13.0,9691,0.0,58560.0,John Harms
14.0,9691,0.0,58561.0,Edward J. Rosen
15.0,9691,0.0,58562.0,Christina Orchid
90.0,9691,0.0,1611202.0,Choco Orta
91.0,9691,2.0,543847.0,Germán Legarreta
1.0,12665,1.0,2453.0,Mary Steenburgen
2.0,12665,2.0,54789.0,Sean Patrick Flanery
3.0,12665,2.0,2714.0,Lance Henriksen
4.0,12665,2.0,4785.0,Jeff Goldblum
5.0,12665,2.0,36637.0,Brandon Smith
1.0,451,2.0,2963.0,Nicolas Cage
2.0,451,1.0,1951.0,Elisabeth Shue
3.0,451,2.0,6104.0,Julian Sands
4.0,451,2.0,6105.0,Richard Lewis
5.0,451,2.0,6106.0,Steven Weber
6.0,451,1.0,6107.0,Kim Adams
7.0,451,1.0,6108.0,Emily Procter
8.0,451,2.0,6109.0,Stuart Reynolds 
9.0,451,1.0,3124.0,Valeria Golino
10.0,451,2.0,6110.0,Graham Beckel
23.0,451,1.0,6240.0,Mariska Hargitay
24.0,451,1.0,12133.0,Laurie Metcalf
25.0,451,1.0,2138.0,Shawnee Smith
27.0,451,2.0,52418.0,David Kriegel
2.0,16420,2.0,2975.0,Laurence Fishburne
3.0,16420,1.0,1350.0,Irène Jacob
4.0,16420,2.0,11181.0,Kenneth Branagh
5.0,16420,2.0,27631.0,Nathaniel Parker
6.0,16420,0.0,232174.0,Indra Ové
9.0,16420,2.0,17483.0,Michael Maloney
10.0,16420,1.0,1227643.0,Anna Patrick
11.0,16420,2.0,32357.0,Nicholas Farrell
12.0,16420,2.0,3968.0,Michael Sheen
9.0,9263,1.0,6886.0,Christina Ricci
10.0,9263,0.0,12929.0,Rosie O'Donnell
11.0,9263,1.0,2155.0,Thora Birch
12.0,9263,1.0,29369.0,Melanie Griffith
13.0,9263,1.0,12930.0,Gaby Hoffmann
14.0,9263,1.0,3416.0,Demi Moore
15.0,9263,0.0,114471.0,Ashleigh Aston Moore
16.0,9263,1.0,12931.0,Rita Wilson
17.0,9263,2.0,141521.0,Walter Sparrow
18.0,9263,2.0,50398.0,Devon Sawa
19.0,9263,1.0,9599.0,Cloris Leachman
20.0,9263,1.0,21197.0,Janeane Garofalo
21.0,9263,2.0,5587.0,Hank Azaria
22.0,9263,1.0,5149.0,Bonnie Hunt
23.0,9263,1.0,12139.0,Lolita Davidovich
24.0,9263,2.0,18269.0,Brendan Fraser
1.0,17015,1.0,30318.0,Amanda Root
2.0,17015,2.0,8785.0,Ciarán Hinds
6.0,17015,1.0,87415.0,Susan Fleetwood
8.0,17015,1.0,10981.0,Fiona Shaw
9.0,17015,2.0,14465.0,John Woodvine
10.0,17015,1.0,3930.0,Phoebe Nicholls
11.0,17015,2.0,54447.0,Samuel West
12.0,17015,1.0,32990.0,Sophie Thompson
13.0,17015,1.0,45455.0,Judy Cornwell
14.0,17015,2.0,57461.0,Simon Russell Beale
15.0,17015,1.0,42645.0,Felicity Dean
16.0,17015,2.0,27660.0,Roger Hammond
18.0,17015,1.0,55645.0,Victoria Hamilton
19.0,17015,2.0,13328.0,Corin Redgrave
20.0,17015,0.0,1487246.0,Emma Roberts
21.0,17015,2.0,25665.0,Robert Glenister
22.0,17015,2.0,7025.0,Richard McCabe
23.0,17015,0.0,1229181.0,Helen Schlesinger
24.0,17015,0.0,1246598.0,Jane Wood
25.0,17015,2.0,1227492.0,David Collings
26.0,17015,0.0,217100.0,Darlene Johnson
27.0,17015,0.0,1840472.0,Cinnamon Faye
28.0,17015,0.0,1840473.0,Isaac Maxwell-Hunt
29.0,17015,2.0,1073272.0,Roger Llewellyn
30.0,17015,0.0,1241523.0,Sally George
31.0,17015,0.0,1840474.0,Lonnie James
24.0,902,2.0,2372.0,Ron Perlman
25.0,902,2.0,2413.0,Dominique Pinon
26.0,902,0.0,13842.0,Judith Vittet
27.0,902,2.0,13843.0,Daniel Emilfork
28.0,902,2.0,13687.0,Jean-Claude Dreyfus
29.0,902,1.0,13845.0,Geneviève Brunet
30.0,902,1.0,13846.0,Odile Mallet
31.0,902,0.0,4394.0,Mireille Mossé
32.0,902,2.0,2410.0,Serge Merlin
33.0,902,2.0,2407.0,Rufus
34.0,902,2.0,13689.0,Ticky Holgado
